index,Close
0,417.6572317314703
1,432.6573464185477
2,438.794728538605
3,439.8120286827617
4,426.26297854055804
5,435.6533759112063
6,413.4417160323944
7,404.8935858627503
8,397.7027471968258
9,398.14120245277405
